-- 시드 데이터: profiles 테이블은 시드하지 않음
-- profile_id: 40baa34a-3236-4fc3-adc1-a05dd7849f00

-- accounts 테이블 시드 데이터
INSERT INTO accounts (account_id, name, currency, total_income, total_expense, total_savings, created_by) VALUES
  ('11111111-1111-1111-1111-111111111111', '주 생활계좌', 'KRW', 5000000, 3000000, 2000000, '40baa34a-3236-4fc3-adc1-a05dd7849f00'),
  ('22222222-2222-2222-2222-222222222222', '비상자금 계좌', 'KRW', 10000000, 0, 10000000, '40baa34a-3236-4fc3-adc1-a05dd7849f00'),
  ('33333333-3333-3333-3333-333333333333', '투자 계좌', 'KRW', 15000000, 5000000, 10000000, '40baa34a-3236-4fc3-adc1-a05dd7849f00'),
  ('44444444-4444-4444-4444-444444444444', '여행 적금', 'KRW', 3000000, 500000, 2500000, '40baa34a-3236-4fc3-adc1-a05dd7849f00'),
  ('55555555-5555-5555-5555-555555555555', '자유 저축', 'KRW', 8000000, 2000000, 6000000, '40baa34a-3236-4fc3-adc1-a05dd7849f00');

-- budgets 테이블 시드 데이터
INSERT INTO budgets (account_id, budget_amount, current_amount, name) VALUES
  ('11111111-1111-1111-1111-111111111111', 1500000, 800000, '생활비 예산'),
  ('11111111-1111-1111-1111-111111111111', 500000, 200000, '외식비 예산'),
  ('33333333-3333-3333-3333-333333333333', 2000000, 1200000, '투자 예산'),
  ('44444444-4444-4444-4444-444444444444', 300000, 150000, '여행 예산'),
  ('55555555-5555-5555-5555-555555555555', 1000000, 600000, '취미 예산');

-- goals 테이블 시드 데이터
INSERT INTO goals (account_id, name, goal_amount, current_amount, goal_date) VALUES
  ('22222222-2222-2222-2222-222222222222', '비상자금 1년치', 20000000, 10000000, '2025-12-31 23:59:59'),
  ('44444444-4444-4444-4444-444444444444', '유럽 여행 자금', 5000000, 2500000, '2025-07-01 00:00:00'),
  ('33333333-3333-3333-3333-333333333333', '주식 투자 목표', 50000000, 10000000, '2026-12-31 23:59:59'),
  ('55555555-5555-5555-5555-555555555555', '새 차 구입', 30000000, 6000000, '2025-10-01 00:00:00'),
  ('11111111-1111-1111-1111-111111111111', '결혼 자금', 40000000, 2000000, '2026-06-01 00:00:00');

-- transactions 테이블 시드 데이터
INSERT INTO transactions (account_id, type, amount, note, occurred_at) VALUES
  ('11111111-1111-1111-1111-111111111111', 'income', 3000000, '월급', '2024-12-01 09:00:00'),
  ('11111111-1111-1111-1111-111111111111', 'expense', 800000, '생활비 지출', '2024-12-05 14:30:00'),
  ('11111111-1111-1111-1111-111111111111', 'expense', 150000, '외식비', '2024-12-10 19:00:00'),
  ('33333333-3333-3333-3333-333333333333', 'income', 2000000, '투자 수익', '2024-12-15 10:00:00'),
  ('44444444-4444-4444-4444-444444444444', 'income', 500000, '용돈', '2024-12-20 12:00:00'),
  ('55555555-5555-5555-5555-555555555555', 'expense', 300000, '취미 용품 구입', '2024-12-22 16:30:00'),
  ('22222222-2222-2222-2222-222222222222', 'income', 1000000, '보너스', '2024-12-25 15:00:00');

-- budget_expenses 테이블 시드 데이터 (budgets와 연결)
INSERT INTO budget_expenses (budget_id, amount, note, occurred_at) VALUES
  (1, 150000, '마트 장보기', '2024-12-03 11:00:00'),
  (1, 80000, '공과금', '2024-12-05 10:00:00'),
  (1, 200000, '교통비', '2024-12-07 08:30:00'),
  (2, 50000, '카페', '2024-12-10 15:00:00'),
  (2, 120000, '레스토랑 저녁식사', '2024-12-12 19:30:00'),
  (3, 500000, '주식 매수', '2024-12-15 09:30:00'),
  (3, 300000, '펀드 투자', '2024-12-18 14:00:00'),
  (4, 100000, '여행 가이드북', '2024-12-20 12:30:00'),
  (5, 200000, '운동용품', '2024-12-22 16:00:00'); 